국가,코드,대륙,연도,극빈곤 인구비율
Democratic Republic of Congo,COD,아프리카,2020,85.3
Mozambique,MOZ,아프리카,2022,81.4
South Sudan,SSD,아프리카,2016,76.5
Malawi,MWI,아프리카,2019,75.4
Burundi,BDI,아프리카,2020,74.2
Zambia,ZMB,아프리카,2022,71.7
Central African Republic,CAF,아프리카,2021,71.6
Madagascar,MDG,아프리카,2021,69.2
Haiti,HTI,북미,2012,65.1
Niger,NER,아프리카,2021,60.5
Uganda,UGA,아프리카,2019,59.8
Papua New Guinea,PNG,오세아니아,2009,52.2
Tanzania,TZA,아프리카,2018,51.3
Zimbabwe,ZWE,아프리카,2019,49.2
Kenya,KEN,아프리카,2022,45.5
Eswatini,SWZ,아프리카,2016,44.5
East Timor,TLS,아시아,2014,44.0
Burkina Faso,BFA,아프리카,2021,42.1
Lesotho,LSO,아프리카,2017,41.9
Nigeria,NGA,아프리카,2022,41.8
Sierra Leone,SLE,아프리카,2018,41.5
Solomon Islands,SLB,오세아니아,2012,40.3
Guinea-Bissau,GNB,아프리카,2021,39.9
Chad,TCD,아프리카,2022,39.5
Angola,AGO,아프리카,2018,39.3
Congo,COG,아프리카,2011,39.2
Ghana,GHA,아프리카,2016,39.0
Ethiopia,ETH,아프리카,2021,38.6
Rwanda,RWA,아프리카,2023,38.6
Mali,MLI,아프리카,2021,36.1
Turkmenistan,TKM,아시아,1998,35.1
Togo,TGO,아프리카,2021,34.7
Liberia,LBR,아프리카,2016,33.6
Yemen,YEM,아시아,2014,33.3
Benin,BEN,아프리카,2021,27.2
Cameroon,CMR,아프리카,2021,26.7
Micronesia (country),FSM,오세아니아,2013,26.1
Djibouti,DJI,아프리카,2017,25.4
Pakistan,PAK,아시아,2024,23.0
Namibia,NAM,아프리카,2015,22.9
Gambia,GMB,아프리카,2020,22.0
Botswana,BWA,아프리카,2015,21.4
Cote d'Ivoire,CIV,아프리카,2021,20.8
Vanuatu,VUT,오세아니아,2019,19.5
Syria,SYR,아시아,2022,18.0
Senegal,SEN,아프리카,2021,17.9
South Africa,ZAF,아프리카,2022,17.4
Honduras,HND,북미,2024,15.7
Cape Verde,CPV,아프리카,2015,14.6
Guyana,GUY,남미,1998,13.0
Sao Tome and Principe,STP,아프리카,2017,13.0
Guinea,GIN,아프리카,2018,11.7
Philippines,PHL,아시아,2023,11.5
Myanmar,MMR,아시아,2017,10.3
Mauritania,MRT,아프리카,2019,10.2
Sudan,SDN,아프리카,2014,10.1
Guatemala,GTM,북미,2023,9.7
Nauru,NRU,오세아니아,2012,9.7
Venezuela,VEN,남미,2006,9.7
Tuvalu,TUV,오세아니아,2010,9.0
Equatorial Guinea,GNQ,아프리카,2022,8.8
Colombia,COL,남미,2024,8.5
Laos,LAO,아시아,2024,7.1
Nicaragua,NIC,북미,2014,6.6
Saint Lucia,LCA,북미,2015,6.4
Tajikistan,TJK,아시아,2024,6.1
Bangladesh,BGD,아시아,2022,5.9
Lebanon,LBN,아시아,2022,5.8
India,IND,아시아,2022,5.3
Comoros,COM,아프리카,2024,5.1
Peru,PER,남미,2024,5.1
Fiji,FJI,오세아니아,2019,4.7
El Salvador,SLV,북미,2023,4.6
Samoa,WSM,오세아니아,2013,4.5
Georgia,GEO,아시아,2024,4.2
Indonesia,IDN,아시아,2025,4.0
North Macedonia,MKD,유럽,2019,3.9
Gabon,GAB,아프리카,2017,3.8
Morocco,MAR,아프리카,2013,3.7
Ecuador,ECU,남미,2025,3.4
Trinidad and Tobago,TTO,북미,1992,3.2
Panama,PAN,북미,2024,3.1
Brazil,BRA,남미,2024,3.0
Sri Lanka,LKA,아시아,2019,2.7
Iran,IRN,아시아,2023,2.5
Montenegro,MNE,유럽,2021,2.5
Nepal,NPL,아시아,2022,2.4
Uzbekistan,UZB,아시아,2025,2.3
Kyrgyzstan,KGZ,아시아,2024,2.2
Suriname,SUR,남미,2022,2.2
Bolivia,BOL,남미,2024,2.1
Marshall Islands,MHL,오세아니아,2019,2.1
Palestine,PSE,아시아,2023,2.1
Paraguay,PRY,남미,2024,2.1
Barbados,BRB,북미,2016,1.7
Mexico,MEX,북미,2024,1.6
Vietnam,VNM,아시아,2022,1.6
Egypt,EGY,아프리카,2021,1.4
Jamaica,JAM,북미,2021,1.4
Japan,JPN,아시아,2020,1.2
Lithuania,LTU,유럽,2023,1.1
Serbia,SRB,유럽,2023,1.1
United States,USA,북미,2024,1.1
Belize,BLZ,북미,2018,1.0
Bulgaria,BGR,유럽,2023,1.0
Australia,AUS,오세아니아,2020,0.9
Hungary,HUN,유럽,2017,0.9
Italy,ITA,유럽,2023,0.9
Kiribati,KIR,오세아니아,2023,0.9
Armenia,ARM,아시아,2024,0.8
Costa Rica,CRI,북미,2025,0.8
Dominican Republic,DOM,북미,2024,0.8
Grenada,GRD,북미,2018,0.8
Spain,ESP,유럽,2023,0.8
Sweden,SWE,유럽,2023,0.8
Germany,DEU,유럽,2022,0.7
Romania,ROU,유럽,2023,0.7
Seychelles,SYC,아프리카,2018,0.7
Tunisia,TUN,아프리카,2021,0.7
Greece,GRC,유럽,2023,0.6
Austria,AUT,유럽,2023,0.5
Iraq,IRQ,아시아,2023,0.5
Mauritius,MUS,아프리카,2017,0.5
Slovakia,SVK,유럽,2023,0.5
Chile,CHL,남미,2024,0.4
Denmark,DNK,유럽,2023,0.4
Israel,ISR,아시아,2022,0.4
Latvia,LVA,유럽,2023,0.4
Malta,MLT,유럽,2023,0.4
Mongolia,MNG,아시아,2022,0.4
Portugal,PRT,유럽,2023,0.4
Tonga,TON,오세아니아,2021,0.4
United Kingdom,GBR,유럽,2021,0.4
Albania,ALB,유럽,2020,0.3
Bosnia and Herzegovina,BIH,유럽,2021,0.3
Canada,CAN,북미,2022,0.3
Croatia,HRV,유럽,2023,0.3
Estonia,EST,유럽,2023,0.3
Finland,FIN,유럽,2023,0.2
Norway,NOR,유럽,2023,0.2
Poland,POL,유럽,2023,0.2
Switzerland,CHE,유럽,2022,0.2
Turkey,TUR,아시아,2023,0.2
Uruguay,URY,남미,2024,0.2
Belgium,BEL,유럽,2023,0.1
France,FRA,유럽,2023,0.1
Iceland,ISL,유럽,2019,0.1
Ireland,IRL,유럽,2023,0.1
Jordan,JOR,아시아,2010,0.1
Luxembourg,LUX,유럽,2023,0.1
Moldova,MDA,유럽,2023,0.1
Netherlands,NLD,유럽,2021,0.1
South Korea,KOR,아시아,2021,0.1
Taiwan,TWN,아시아,2021,0.1
Algeria,DZA,아프리카,2011,0.0
Azerbaijan,AZE,아시아,2005,0.0
Belarus,BLR,유럽,2020,0.0
Bhutan,BTN,아시아,2022,0.0
China,CHN,아시아,2022,0.0
Cyprus,CYP,유럽,2023,0.0
Czechia,CZE,유럽,2023,0.0
Kazakhstan,KAZ,아시아,2021,0.0
Malaysia,MYS,아시아,2021,0.0
Maldives,MDV,아시아,2019,0.0
Qatar,QAT,아시아,2017,0.0
Russia,RUS,유럽,2020,0.0
Slovenia,SVN,유럽,2023,0.0
Thailand,THA,아시아,2024,0.0
Ukraine,UKR,유럽,2020,0.0
United Arab Emirates,ARE,아시아,2018,0.0
