국가,코드,대륙,연도,여성 국회의원 비율
Rwanda,RWA,아프리카,2025,63.8
Cuba,CUB,북미,2025,55.7
Nicaragua,NIC,북미,2025,55.0
Bolivia,BOL,남미,2025,50.8
Mexico,MEX,북미,2025,50.2
United Arab Emirates,ARE,아시아,2025,50.0
Costa Rica,CRI,북미,2025,49.1
Australia,AUS,오세아니아,2025,46.0
Iceland,ISL,유럽,2025,46.0
Finland,FIN,유럽,2025,45.5
New Zealand,NZL,오세아니아,2025,45.5
Ecuador,ECU,남미,2025,45.0
Sweden,SWE,유럽,2025,45.0
South Africa,ZAF,아프리카,2025,44.7
Cape Verde,CPV,아프리카,2025,44.4
Spain,ESP,유럽,2025,44.3
Denmark,DNK,유럽,2025,43.6
Netherlands,NLD,유럽,2025,42.7
Namibia,NAM,아프리카,2025,42.3
Taiwan,TWN,아시아,2025,42.0
Ethiopia,ETH,아프리카,2025,41.9
Peru,PER,남미,2025,41.5
Argentina,ARG,남미,2025,41.3
Belgium,BEL,유럽,2025,41.3
Senegal,SEN,아프리카,2025,41.2
United Kingdom,GBR,유럽,2025,40.5
Norway,NOR,유럽,2025,40.2
Moldova,MDA,유럽,2025,40.0
Burundi,BDI,아프리카,2025,39.6
North Macedonia,MKD,유럽,2025,39.2
Angola,AGO,아프리카,2025,39.1
Switzerland,CHE,유럽,2025,39.0
Armenia,ARM,아시아,2025,38.3
Mozambique,MOZ,아프리카,2025,38.3
Uzbekistan,UZB,아시아,2025,38.0
Tanzania,TZA,아프리카,2025,37.8
Dominican Republic,DOM,북미,2025,37.4
Serbia,SRB,유럽,2025,37.2
Guyana,GUY,남미,2025,36.9
France,FRA,유럽,2025,36.2
Portugal,PRT,유럽,2025,35.7
Slovenia,SVN,유럽,2025,35.6
Austria,AUT,유럽,2025,35.5
East Timor,TLS,아시아,2025,35.4
Chile,CHL,남미,2025,35.1
Albania,ALB,유럽,2025,35.0
Luxembourg,LUX,유럽,2025,35.0
Uganda,UGA,아프리카,2025,34.1
Belarus,BLR,유럽,2025,33.9
Cameroon,CMR,아프리카,2025,33.9
Chad,TCD,아프리카,2025,33.5
Czechia,CZE,유럽,2025,33.5
Nepal,NPL,아시아,2025,33.5
Croatia,HRV,유럽,2025,33.1
Italy,ITA,유럽,2025,32.8
Germany,DEU,유럽,2025,32.4
South Sudan,SSD,아프리카,2025,32.4
Singapore,SGP,아시아,2025,32.3
El Salvador,SLV,북미,2025,31.7
Suriname,SUR,남미,2025,31.4
Vietnam,VNM,아시아,2025,31.4
Poland,POL,유럽,2025,31.3
Uruguay,URY,남미,2025,31.3
Venezuela,VEN,남미,2025,31.2
Equatorial Guinea,GNQ,아프리카,2025,31.0
Latvia,LVA,유럽,2025,31.0
Canada,CAN,북미,2025,30.3
Jamaica,JAM,북미,2025,30.2
Mali,MLI,아프리카,2025,30.1
Zimbabwe,ZWE,아프리카,2025,30.1
Guinea,GIN,아프리카,2025,29.6
Sierra Leone,SLE,아프리카,2025,29.5
Colombia,COL,남미,2025,29.4
Malta,MLT,유럽,2025,29.1
Iraq,IRQ,아시아,2025,28.9
United States,USA,북미,2025,28.9
Estonia,EST,유럽,2025,28.7
Tajikistan,TJK,아시아,2025,28.6
Lithuania,LTU,유럽,2025,28.4
Philippines,PHL,아시아,2025,28.3
Egypt,EGY,아프리카,2025,27.7
Sudan,SDN,아프리카,2018,27.6
Honduras,HND,북미,2025,27.3
Montenegro,MNE,유럽,2025,27.2
Afghanistan,AFG,아시아,2020,27.0
Barbados,BRB,북미,2025,26.7
Benin,BEN,아프리카,2025,26.6
China,CHN,아시아,2025,26.5
Seychelles,SYC,아프리카,2025,26.5
Djibouti,DJI,아프리카,2025,26.2
Turkmenistan,TKM,아시아,2025,25.6
Mongolia,MNG,아시아,2025,25.4
Ireland,IRL,유럽,2025,25.3
Bulgaria,BGR,유럽,2025,25.0
Lesotho,LSO,아프리카,2025,25.0
Morocco,MAR,아프리카,2025,24.3
Israel,ISR,아시아,2025,24.2
Paraguay,PRY,남미,2025,23.8
Trinidad and Tobago,TTO,북미,2025,23.8
Kenya,KEN,아프리카,2025,23.4
Mauritania,MRT,아프리카,2025,23.3
Slovakia,SVK,유럽,2025,23.3
Greece,GRC,유럽,2025,22.9
Romania,ROU,유럽,2025,22.4
Kyrgyzstan,KGZ,아시아,2025,22.2
Eritrea,ERI,아프리카,2002,22.0
Laos,LAO,아시아,2025,22.0
Indonesia,IDN,아시아,2025,21.9
Panama,PAN,북미,2025,21.7
Eswatini,SWZ,아프리카,2025,21.6
Gabon,GAB,아프리카,2025,21.6
Malawi,MWI,아프리카,2025,21.4
Ukraine,UKR,유럽,2025,21.2
Bangladesh,BGD,아시아,2023,20.9
Azerbaijan,AZE,아시아,2025,20.8
South Korea,KOR,아시아,2025,20.3
Bahrain,BHR,아시아,2025,20.0
Guatemala,GTM,북미,2025,20.0
Saudi Arabia,SAU,아시아,2025,19.9
Turkey,TUR,아시아,2025,19.9
Jordan,JOR,아시아,2025,19.6
Niger,NER,아프리카,2025,19.6
Thailand,THA,아시아,2025,19.6
Bosnia and Herzegovina,BIH,유럽,2025,19.1
Somalia,SOM,아프리카,2025,19.0
Kazakhstan,KAZ,아시아,2025,18.4
Burkina Faso,BFA,아프리카,2025,18.3
Comoros,COM,아프리카,2025,18.2
Brazil,BRA,남미,2025,18.1
Mauritius,MUS,아프리카,2025,17.9
North Korea,PRK,아시아,2025,17.6
Pakistan,PAK,아시아,2025,17.0
Georgia,GEO,아시아,2025,16.8
Myanmar,MMR,아시아,2020,16.8
Libya,LBY,아프리카,2025,16.5
Russia,RUS,유럽,2025,16.4
Hong Kong,HKG,아시아,2025,16.0
Tunisia,TUN,아프리카,2025,15.8
Japan,JPN,아시아,2025,15.7
Hungary,HUN,유럽,2025,15.6
Togo,TGO,아프리카,2025,15.0
Zambia,ZMB,아프리카,2025,15.0
Cyprus,CYP,유럽,2025,14.7
Congo,COG,아프리카,2025,14.6
Ghana,GHA,아프리카,2025,14.6
Sao Tome and Principe,STP,아프리카,2025,14.6
Madagascar,MDG,아프리카,2025,14.1
India,IND,아시아,2025,13.8
Guinea-Bissau,GNB,아프리카,2021,13.7
Cambodia,KHM,아시아,2025,13.6
Malaysia,MYS,아시아,2025,13.5
Cote d'Ivoire,CIV,아프리카,2025,13.4
Democratic Republic of Congo,COD,아프리카,2025,12.8
Central African Republic,CAF,아프리카,2025,11.4
Liberia,LBR,아프리카,2025,11.0
Syria,SYR,아시아,2023,10.8
Sri Lanka,LKA,아시아,2025,9.8
Fiji,FJI,오세아니아,2025,9.1
Botswana,BWA,아프리카,2025,9.0
Gambia,GMB,아프리카,2025,8.6
Algeria,DZA,아프리카,2025,7.9
Lebanon,LBN,아시아,2025,6.3
Qatar,QAT,아시아,2025,6.1
Solomon Islands,SLB,오세아니아,2025,6.0
Iran,IRN,아시아,2025,4.9
Bhutan,BTN,아시아,2025,4.3
Nigeria,NGA,아프리카,2025,4.2
Maldives,MDV,아시아,2025,3.2
Haiti,HTI,북미,2022,3.0
Papua New Guinea,PNG,오세아니아,2025,2.7
Kuwait,KWT,아시아,2024,2.0
Vanuatu,VUT,오세아니아,2025,1.9
Oman,OMN,아시아,2025,0.0
Yemen,YEM,아시아,2025,0.0
