국가,코드,대륙,연도,연간 CO₂ 배출량
China,CHN,아시아,2024,12289037000
United States,USA,북미,2024,4904120000
India,IND,아시아,2024,3193478100
Russia,RUS,유럽,2024,1780524400
Japan,JPN,아시아,2024,961867300
Indonesia,IDN,아시아,2024,812220200
Iran,IRN,아시아,2024,792631200
Saudi Arabia,SAU,아시아,2024,692133500
South Korea,KOR,아시아,2024,583679170
Germany,DEU,유럽,2024,572319170
Canada,CAN,북미,2024,533340100
Turkey,TUR,아시아,2024,513034600
Brazil,BRA,남미,2024,483011550
Mexico,MEX,북미,2024,460987650
South Africa,ZAF,아프리카,2024,439830500
Australia,AUS,오세아니아,2024,386732380
Vietnam,VNM,아시아,2024,370931330
United Kingdom,GBR,유럽,2024,312905540
Italy,ITA,유럽,2024,301929760
Malaysia,MYS,아시아,2024,290223840
Kazakhstan,KAZ,아시아,2024,287005950
Poland,POL,유럽,2024,272861820
Thailand,THA,아시아,2024,267760200
France,FRA,유럽,2024,264155620
Taiwan,TWN,아시아,2024,262344820
Egypt,EGY,아프리카,2024,258367860
Iraq,IRQ,아시아,2024,233635500
United Arab Emirates,ARE,아시아,2024,221988080
Spain,ESP,유럽,2024,220341280
Algeria,DZA,아프리카,2024,198203180
Pakistan,PAK,아시아,2024,179800380
Philippines,PHL,아시아,2024,174878000
Argentina,ARG,남미,2024,171059260
Ukraine,UKR,유럽,2024,142497860
Uzbekistan,UZB,아시아,2024,139234180
Nigeria,NGA,아프리카,2024,135824000
Kuwait,KWT,아시아,2024,129518650
Qatar,QAT,아시아,2024,125812260
Venezuela,VEN,남미,2024,116042424
Netherlands,NLD,유럽,2024,114784730
Bangladesh,BGD,아시아,2024,108317880
Colombia,COL,남미,2024,92659384
Belgium,BEL,유럽,2024,85456200
Oman,OMN,아시아,2024,82661976
Turkmenistan,TKM,아시아,2024,81005550
Chile,CHL,남미,2024,78725544
Czechia,CZE,유럽,2024,75623000
Peru,PER,남미,2024,70246650
Morocco,MAR,아프리카,2024,69062344
Romania,ROU,유럽,2024,68551400
Libya,LBY,아프리카,2024,65260070
North Korea,PRK,아시아,2024,62550270
Austria,AUT,유럽,2024,56367656
Belarus,BLR,유럽,2024,55818416
Singapore,SGP,아시아,2024,53919460
Greece,GRC,유럽,2024,53360840
Israel,ISR,아시아,2024,52637136
Ecuador,ECU,남미,2024,45979548
Mongolia,MNG,아시아,2024,44693890
Serbia,SRB,유럽,2024,42019440
Hungary,HUN,유럽,2024,40017292
Azerbaijan,AZE,아시아,2024,39830140
Bahrain,BHR,아시아,2024,39003456
Sweden,SWE,유럽,2024,38096652
Norway,NOR,유럽,2024,37183000
Portugal,PRT,유럽,2024,35538852
Trinidad and Tobago,TTO,북미,2024,34576280
Hong Kong,HKG,아시아,2024,33323918
Ireland,IRL,유럽,2024,33310624
Dominican Republic,DOM,북미,2024,33130818
Tunisia,TUN,아프리카,2024,32663696
New Zealand,NZL,오세아니아,2024,32479432
Switzerland,CHE,유럽,2024,32071708
Syria,SYR,아시아,2024,31778448
Bulgaria,BGR,유럽,2024,31621824
Myanmar,MMR,아시아,2024,31603438
Finland,FIN,유럽,2024,29775000
Slovakia,SVK,유럽,2024,29090958
Bolivia,BOL,남미,2024,28708664
Denmark,DNK,유럽,2024,28369162
Cuba,CUB,북미,2024,24440234
Laos,LAO,아시아,2024,24399926
Jordan,JOR,아시아,2024,23219138
Angola,AGO,아프리카,2024,22333584
Cambodia,KHM,아시아,2024,21882690
Kenya,KEN,아프리카,2024,21225434
Ghana,GHA,아프리카,2024,21021874
Sri Lanka,LKA,아시아,2024,20825544
Tanzania,TZA,아프리카,2024,20018364
Guatemala,GTM,북미,2024,19880430
Bosnia and Herzegovina,BIH,유럽,2024,19425932
Nepal,NPL,아시아,2024,18776082
Croatia,HRV,유럽,2024,18464850
Ethiopia,ETH,아프리카,2024,17837292
Sudan,SDN,아프리카,2024,17794800
Lebanon,LBN,아시아,2024,15649973
Cote d'Ivoire,CIV,아프리카,2024,14828585
Senegal,SEN,아프리카,2024,14091846
Zimbabwe,ZWE,아프리카,2024,13701154
Honduras,HND,북미,2024,12854842
Slovenia,SVN,유럽,2024,12751194
Panama,PAN,북미,2024,12664428
Lithuania,LTU,유럽,2024,12541509
Brunei,BRN,아시아,2024,12052463
Zambia,ZMB,아프리카,2024,12043299
Georgia,GEO,아시아,2024,11784258
Kyrgyzstan,KGZ,아시아,2024,11770158
Afghanistan,AFG,아시아,2024,10825998
Tajikistan,TJK,아시아,2024,10739768
Yemen,YEM,아시아,2024,10123090
Cameroon,CMR,아프리카,2024,9631583
El Salvador,SLV,북미,2024,8972291
Congo,COG,아프리카,2024,8839770
Costa Rica,CRI,북미,2024,8760451
Mozambique,MOZ,아프리카,2024,8612630
Jamaica,JAM,북미,2024,8401763
Papua New Guinea,PNG,오세아니아,2024,8345442
Estonia,EST,유럽,2024,8306777
Uruguay,URY,남미,2024,7973270
Paraguay,PRY,남미,2024,7936718
Botswana,BWA,아프리카,2024,7461599
Armenia,ARM,아시아,2024,7430715
Cyprus,CYP,유럽,2024,7299328
Luxembourg,LUX,유럽,2024,7039783
Equatorial Guinea,GNQ,아프리카,2024,7010352
Mali,MLI,아프리카,2024,6978840
North Macedonia,MKD,유럽,2024,6619636
Burkina Faso,BFA,아프리카,2024,6507663
Latvia,LVA,유럽,2024,6461889
Uganda,UGA,아프리카,2024,6333810
Benin,BEN,아프리카,2024,6066339
Democratic Republic of Congo,COD,아프리카,2024,5904451
Nicaragua,NIC,북미,2024,5630346
Gabon,GAB,아프리카,2024,5398794
Moldova,MDA,유럽,2024,5326843
New Caledonia,NCL,오세아니아,2024,5286637
Mauritania,MRT,아프리카,2024,5238679
Palestine,PSE,아시아,2024,4780046
Mauritius,MUS,아프리카,2024,4673616
Madagascar,MDG,아프리카,2024,4528381
Guyana,GUY,남미,2024,4510330
Albania,ALB,유럽,2024,4444448
Guinea,GIN,아프리카,2024,4026185
Iceland,ISL,유럽,2024,3803011
Namibia,NAM,아프리카,2024,3469112
Niger,NER,아프리카,2024,3169958
Bahamas,BHS,북미,2024,3069679
Suriname,SUR,남미,2024,2987768
Haiti,HTI,북미,2024,2970693
Chad,TCD,아프리카,2024,2831401
Togo,TGO,아프리카,2024,2753585
Lesotho,LSO,아프리카,2024,2571767
Montenegro,MNE,유럽,2024,2376258
Maldives,MDV,아시아,2024,2306210
Curacao,CUW,북미,2024,2289628
Rwanda,RWA,아프리카,2024,2033550
Malawi,MWI,아프리카,2024,1881479
Malta,MLT,유럽,2024,1728766
South Sudan,SSD,아프리카,2024,1695552
Bhutan,BTN,아시아,2024,1657416
Fiji,FJI,오세아니아,2024,1445316
Sierra Leone,SLE,아프리카,2024,1434283
Barbados,BRB,북미,2024,1365171
Somalia,SOM,아프리카,2024,1319185
Macao,MAC,아시아,2024,1056328
Eswatini,SWZ,아프리카,2024,1044644
French Polynesia,PYF,오세아니아,2024,922867
Aruba,ABW,북미,2024,920644
Burundi,BDI,아프리카,2024,916664
Liberia,LBR,아프리카,2024,859369
Gambia,GMB,아프리카,2024,802774
Belize,BLZ,북미,2024,796027
Eritrea,ERI,아프리카,2024,742647
Faroe Islands,FRO,유럽,2024,725388
Sint Maarten (Dutch part),SXM,북미,2024,717645
East Timor,TLS,아시아,2024,668112
Antigua and Barbuda,ATG,북미,2024,665140
Seychelles,SYC,아프리카,2024,652571
Greenland,GRL,북미,2024,618963
Cape Verde,CPV,아프리카,2024,593786
Djibouti,DJI,아프리카,2024,564084
Comoros,COM,아프리카,2024,551650
Bermuda,BMU,북미,2024,550001
Saint Lucia,LCA,북미,2024,536909
Andorra,AND,유럽,2024,424663
Central African Republic,CAF,아프리카,2024,394681
Turks and Caicos Islands,TCA,북미,2024,378842
Grenada,GRD,북미,2024,376971
Guinea-Bissau,GNB,아프리카,2024,342189
Solomon Islands,SLB,오세아니아,2024,294648
Saint Kitts and Nevis,KNA,북미,2024,259757
Saint Vincent and the Grenadines,VCT,북미,2024,255657
Samoa,WSM,오세아니아,2024,245587
Palau,PLW,오세아니아,2024,226099
Vanuatu,VUT,오세아니아,2024,197079
British Virgin Islands,VGB,북미,2024,192507
Dominica,DMA,북미,2024,170858
Marshall Islands,MHL,오세아니아,2024,154480
Tonga,TON,오세아니아,2024,152540
Bonaire Sint Eustatius and Saba,BES,북미,2024,151882
Micronesia (country),FSM,오세아니아,2024,150626
Anguilla,AIA,북미,2024,148085
Sao Tome and Principe,STP,아프리카,2024,141779
Liechtenstein,LIE,유럽,2024,131624
Cook Islands,COK,오세아니아,2024,80083
Kiribati,KIR,오세아니아,2024,72456
Nauru,NRU,오세아니아,2024,61390
Saint Pierre and Miquelon,SPM,북미,2024,55322
Wallis and Futuna,WLF,오세아니아,2024,30508
Montserrat,MSR,북미,2024,26579
Tuvalu,TUV,오세아니아,2024,11440
Saint Helena,SHN,아프리카,2024,11391
Niue,NIU,오세아니아,2024,7627
Antarctica,ATA,기타,2024,0
Christmas Island,CXR,아시아,2024,0
