국가,코드,대륙,연도,실업률
Eswatini,SWZ,아프리카,2025,34.2
South Africa,ZAF,아프리카,2025,32.39
Djibouti,DJI,아프리카,2025,26.02
Botswana,BWA,아프리카,2025,24.48
Palestine,PSE,아시아,2022,24.42
Gabon,GAB,아프리카,2025,20.15
Congo,COG,아프리카,2025,19.88
Namibia,NAM,아프리카,2025,19.29
Somalia,SOM,아프리카,2025,18.95
Libya,LBY,아프리카,2025,18.76
Saint Vincent and the Grenadines,VCT,북미,2025,18.0
Yemen,YEM,아시아,2025,17.32
Jordan,JOR,아시아,2025,16.54
Lesotho,LSO,아프리카,2025,16.32
Iraq,IRQ,아시아,2025,15.48
Tunisia,TUN,아프리카,2025,15.11
Haiti,HTI,북미,2025,14.94
Angola,AGO,아프리카,2025,14.11
Montenegro,MNE,유럽,2025,13.57
Syria,SYR,아시아,2025,13.57
Afghanistan,AFG,아시아,2025,13.35
Armenia,ARM,아시아,2025,12.87
South Sudan,SSD,아프리카,2023,12.37
North Macedonia,MKD,유럽,2025,12.26
Georgia,GEO,아시아,2025,12.1
Guyana,GUY,남미,2025,11.96
Cape Verde,CPV,아프리카,2025,11.94
French Polynesia,PYF,오세아니아,2025,11.66
Algeria,DZA,아프리카,2025,11.63
United States Virgin Islands,VIR,북미,2025,11.44
Rwanda,RWA,아프리카,2025,11.36
New Caledonia,NCL,오세아니아,2025,11.17
Bosnia and Herzegovina,BIH,유럽,2025,11.04
Lebanon,LBN,아시아,2023,10.98
Albania,ALB,유럽,2025,10.93
Nepal,NPL,아시아,2025,10.46
Spain,ESP,유럽,2025,10.38
Mauritania,MRT,아프리카,2025,10.32
Ukraine,UKR,유럽,2021,9.83
Finland,FIN,유럽,2025,9.46
Saint Lucia,LCA,북미,2025,9.45
Zimbabwe,ZWE,아프리카,2025,9.29
Bahamas,BHS,북미,2025,9.21
Sao Tome and Principe,STP,아프리카,2025,9.13
Morocco,MAR,아프리카,2025,9.0
Chile,CHL,남미,2025,8.97
Belize,BLZ,북미,2025,8.86
Sweden,SWE,유럽,2025,8.69
Greece,GRC,유럽,2025,8.54
Turkey,TUR,아시아,2025,8.52
Panama,PAN,북미,2025,8.36
Equatorial Guinea,GNQ,아프리카,2025,8.34
Estonia,EST,유럽,2025,8.31
Iran,IRN,아시아,2025,8.3
Colombia,COL,남미,2025,8.29
Suriname,SUR,남미,2025,7.83
France,FRA,유럽,2025,7.54
Sudan,SDN,아프리카,2022,7.53
Uruguay,URY,남미,2025,7.52
Argentina,ARG,남미,2025,7.14
Serbia,SRB,유럽,2025,7.12
Tajikistan,TJK,아시아,2025,6.93
Canada,CAN,북미,2025,6.91
Costa Rica,CRI,북미,2025,6.84
Egypt,EGY,아프리카,2025,6.78
Lithuania,LTU,유럽,2025,6.73
Mozambique,MOZ,아프리카,2025,6.63
Latvia,LVA,유럽,2025,6.57
Barbados,BRB,북미,2025,6.52
Gambia,GMB,아프리카,2025,6.52
Italy,ITA,유럽,2025,6.39
Luxembourg,LUX,유럽,2025,6.34
Central African Republic,CAF,아프리카,2025,6.25
Portugal,PRT,유럽,2025,6.16
Puerto Rico,PRI,북미,2025,5.99
Romania,ROU,유럽,2025,5.99
Eritrea,ERI,아프리카,2025,5.98
Brazil,BRA,남미,2025,5.97
Zambia,ZMB,아프리카,2025,5.92
Belgium,BEL,유럽,2025,5.91
Mauritius,MUS,아프리카,2025,5.63
Austria,AUT,유럽,2025,5.58
Guam,GUM,오세아니아,2025,5.57
Denmark,DNK,유럽,2025,5.53
Azerbaijan,AZE,아시아,2025,5.46
Kenya,KEN,아프리카,2025,5.45
Pakistan,PAK,아시아,2025,5.42
Slovakia,SVK,유럽,2025,5.36
Fiji,FJI,오세아니아,2025,5.35
Venezuela,VEN,남미,2025,5.31
Brunei,BRN,아시아,2025,5.28
Mongolia,MNG,아시아,2025,5.23
Guinea,GIN,아프리카,2025,5.16
Peru,PER,남미,2025,5.12
Dominican Republic,DOM,북미,2025,5.09
New Zealand,NZL,오세아니아,2025,5.08
Malawi,MWI,아프리카,2025,5.07
Vanuatu,VUT,오세아니아,2025,5.07
Nicaragua,NIC,북미,2025,5.04
Croatia,HRV,유럽,2025,5.0
Samoa,WSM,오세아니아,2025,5.0
Cyprus,CYP,유럽,2025,4.92
Honduras,HND,북미,2025,4.92
Switzerland,CHE,유럽,2025,4.87
Paraguay,PRY,남미,2025,4.8
Kazakhstan,KAZ,아시아,2025,4.77
United Kingdom,GBR,유럽,2025,4.75
Norway,NOR,유럽,2025,4.64
Ireland,IRL,유럽,2025,4.63
China,CHN,아시아,2025,4.62
Uzbekistan,UZB,아시아,2025,4.62
Hungary,HUN,유럽,2025,4.52
Maldives,MDV,아시아,2025,4.51
Democratic Republic of Congo,COD,아프리카,2025,4.43
Turkmenistan,TKM,아시아,2025,4.27
India,IND,아시아,2025,4.22
United States,USA,북미,2025,4.2
Australia,AUS,오세아니아,2025,4.09
Sri Lanka,LKA,아시아,2025,4.0
Netherlands,NLD,유럽,2025,3.87
Comoros,COM,아프리카,2025,3.82
Bangladesh,BGD,아시아,2025,3.78
Malaysia,MYS,아시아,2025,3.76
Germany,DEU,유럽,2025,3.71
Iceland,ISL,유럽,2025,3.62
Cameroon,CMR,아프리카,2025,3.6
Bulgaria,BGR,유럽,2025,3.54
North Korea,PRK,아시아,2025,3.54
Kyrgyzstan,KGZ,아시아,2025,3.53
Israel,ISR,아시아,2025,3.49
Burkina Faso,BFA,아프리카,2025,3.48
Belarus,BLR,유럽,2025,3.38
Trinidad and Tobago,TTO,북미,2025,3.33
Ethiopia,ETH,아프리카,2025,3.32
Ecuador,ECU,남미,2025,3.31
El Salvador,SLV,북미,2025,3.3
Jamaica,JAM,북미,2025,3.29
Oman,OMN,아시아,2025,3.25
Indonesia,IDN,아시아,2025,3.24
Bhutan,BTN,아시아,2025,3.23
Slovenia,SVN,유럽,2025,3.17
Sierra Leone,SLE,아프리카,2025,3.15
Nigeria,NGA,아프리카,2025,3.06
Myanmar,MMR,아시아,2025,3.05
Madagascar,MDG,아프리카,2025,3.04
Saudi Arabia,SAU,아시아,2025,3.04
Ghana,GHA,아프리카,2025,2.98
Poland,POL,유럽,2025,2.98
Bolivia,BOL,남미,2025,2.97
Malta,MLT,유럽,2025,2.9
Liberia,LBR,아프리카,2025,2.88
Czechia,CZE,유럽,2025,2.83
Mali,MLI,아프리카,2025,2.83
Singapore,SGP,아시아,2025,2.82
Hong Kong,HKG,아시아,2025,2.8
Uganda,UGA,아프리카,2025,2.75
Senegal,SEN,아프리카,2025,2.73
South Korea,KOR,아시아,2025,2.68
Guinea-Bissau,GNB,아프리카,2025,2.67
Mexico,MEX,북미,2025,2.67
Guatemala,GTM,북미,2025,2.6
Papua New Guinea,PNG,오세아니아,2025,2.57
Japan,JPN,아시아,2025,2.45
Macao,MAC,아시아,2025,2.35
Cote d'Ivoire,CIV,아프리카,2025,2.32
Philippines,PHL,아시아,2025,2.23
Kuwait,KWT,아시아,2025,2.18
United Arab Emirates,ARE,아시아,2025,2.17
Russia,RUS,유럽,2025,2.13
Tonga,TON,오세아니아,2025,2.01
Togo,TGO,아프리카,2025,2.0
Cuba,CUB,북미,2025,1.75
Benin,BEN,아프리카,2025,1.59
East Timor,TLS,아시아,2025,1.59
Tanzania,TZA,아프리카,2025,1.57
Vietnam,VNM,아시아,2025,1.52
Moldova,MDA,유럽,2025,1.5
Solomon Islands,SLB,오세아니아,2025,1.43
Laos,LAO,아시아,2025,1.19
Bahrain,BHR,아시아,2025,1.1
Chad,TCD,아프리카,2025,1.06
Burundi,BDI,아프리카,2025,0.92
Thailand,THA,아시아,2025,0.78
Niger,NER,아프리카,2025,0.39
Cambodia,KHM,아시아,2025,0.26
Qatar,QAT,아시아,2025,0.13
