국가,코드,대륙,연도,국토 숲 비율
French Guiana,GUF,남미,2025,95.6
Guyana,GUY,남미,2025,93.4
Micronesia (country),FSM,오세아니아,2025,92.2
Gabon,GAB,아프리카,2025,91.4
Suriname,SUR,남미,2025,91.4
Palau,PLW,오세아니아,2025,91.0
Solomon Islands,SLB,오세아니아,2025,89.8
Equatorial Guinea,GNQ,아프리카,2025,85.8
American Samoa,ASM,오세아니아,2025,79.2
Dominica,DMA,북미,2025,76.5
Papua New Guinea,PNG,오세아니아,2025,75.1
Guinea-Bissau,GNB,아프리카,2025,74.7
Vanuatu,VUT,오세아니아,2025,74.4
Finland,FIN,유럽,2025,74.2
Saint Vincent and the Grenadines,VCT,북미,2025,73.2
Central African Republic,CAF,아프리카,2025,72.4
Brunei,BRN,아시아,2025,72.1
East Timor,TLS,아시아,2025,70.9
Bhutan,BTN,아시아,2025,70.1
Sweden,SWE,유럽,2025,68.6
Japan,JPN,아시아,2025,68.3
Taiwan,TWN,아시아,2015,67.0
British Virgin Islands,VGB,북미,2025,66.5
Liberia,LBR,아프리카,2025,65.7
South Korea,KOR,아시아,2025,64.3
North Korea,PRK,아시아,2025,64.2
Congo,COG,아프리카,2025,64.0
Fiji,FJI,오세아니아,2025,62.2
Panama,PAN,북미,2025,62.2
Slovenia,SVN,유럽,2025,61.8
Montenegro,MNE,유럽,2025,61.5
Democratic Republic of Congo,COD,아프리카,2025,61.4
Zambia,ZMB,아프리카,2025,60.4
United States Virgin Islands,VIR,북미,2025,59.0
Costa Rica,CRI,북미,2025,58.6
Brazil,BRA,남미,2025,58.2
Belize,BLZ,북미,2025,57.7
Seychelles,SYC,아프리카,2025,57.7
Sao Tome and Principe,STP,아프리카,2025,57.6
Malaysia,MYS,아시아,2025,57.5
Samoa,WSM,오세아니아,2025,57.5
Estonia,EST,유럽,2025,57.3
Jamaica,JAM,북미,2025,56.9
Laos,LAO,아시아,2025,56.5
Latvia,LVA,유럽,2025,55.7
Marshall Islands,MHL,오세아니아,2025,53.9
Saint Lucia,LCA,북미,2025,53.8
Colombia,COL,남미,2025,53.6
Venezuela,VEN,남미,2025,53.4
Cayman Islands,CYM,북미,2025,53.0
Northern Mariana Islands,MNP,오세아니아,2025,53.0
Peru,PER,남미,2025,52.5
Guam,GUM,오세아니아,2025,52.4
Honduras,HND,북미,2025,52.4
Grenada,GRD,북미,2025,52.1
Bahamas,BHS,북미,2025,50.9
Russia,RUS,유럽,2025,50.8
Angola,AGO,아프리카,2025,50.7
Indonesia,IDN,아시아,2025,50.7
Bolivia,BOL,남미,2025,50.2
Ecuador,ECU,남미,2025,49.6
Puerto Rico,PRI,북미,2025,49.2
Tanzania,TZA,아프리카,2025,49.0
New Caledonia,NCL,오세아니아,2025,48.8
Austria,AUT,유럽,2025,47.3
Vietnam,VNM,아시아,2025,47.2
Dominican Republic,DOM,북미,2025,46.8
Senegal,SEN,아프리카,2025,44.9
Georgia,GEO,아시아,2025,44.6
Belarus,BLR,유럽,2025,44.2
Trinidad and Tobago,TTO,북미,2025,44.1
Nepal,NPL,아시아,2025,43.7
French Polynesia,PYF,오세아니아,2025,43.1
Saint Kitts and Nevis,KNA,북미,2025,42.3
Bosnia and Herzegovina,BIH,유럽,2025,42.2
Canada,CAN,북미,2025,42.0
Myanmar,MMR,아시아,2025,41.5
Serbia,SRB,유럽,2025,41.3
Mozambique,MOZ,아프리카,2025,41.0
North Macedonia,MKD,유럽,2025,40.7
Cameroon,CMR,아프리카,2025,40.5
Slovakia,SVK,유럽,2025,40.4
Nicaragua,NIC,북미,2025,39.7
New Zealand,NZL,오세아니아,2025,39.1
Andorra,AND,유럽,2025,38.8
Czechia,CZE,유럽,2025,38.5
Thailand,THA,아시아,2025,38.5
Spain,ESP,유럽,2025,38.3
Liechtenstein,LIE,유럽,2025,37.4
Greece,GRC,유럽,2025,36.9
Portugal,PRT,유럽,2025,36.7
Bulgaria,BGR,유럽,2025,36.5
Paraguay,PRY,남미,2025,36.1
Cambodia,KHM,아시아,2025,35.9
Zimbabwe,ZWE,아프리카,2025,35.6
Lithuania,LTU,유럽,2025,35.4
Cuba,CUB,북미,2025,34.9
Croatia,HRV,유럽,2025,34.8
Luxembourg,LUX,유럽,2025,34.5
Albania,ALB,유럽,2025,34.3
Sri Lanka,LKA,아시아,2025,34.3
Tuvalu,TUV,오세아니아,2025,34.3
Mexico,MEX,북미,2025,34.1
Sierra Leone,SLE,아프리카,2025,33.8
United States,USA,북미,2025,33.8
Norway,NOR,유럽,2025,33.2
El Salvador,SLV,북미,2025,33.1
Guatemala,GTM,북미,2025,33.0
Germany,DEU,유럽,2025,32.9
France,FRA,유럽,2025,32.5
Switzerland,CHE,유럽,2025,32.1
Italy,ITA,유럽,2025,31.9
Ghana,GHA,아프리카,2025,31.0
Poland,POL,유럽,2025,31.0
Romania,ROU,유럽,2025,30.2
Turkey,TUR,아시아,2025,29.6
Benin,BEN,아프리카,2025,27.8
Botswana,BWA,아프리카,2025,27.8
Rwanda,RWA,아프리카,2025,25.7
Eswatini,SWZ,아프리카,2025,25.2
Philippines,PHL,아시아,2025,24.9
Saint Martin (French part),MAF,북미,2025,24.8
India,IND,아시아,2025,24.5
Chile,CHL,남미,2025,24.4
China,CHN,아시아,2025,24.2
Ethiopia,ETH,아프리카,2025,23.7
Hungary,HUN,유럽,2025,22.9
Togo,TGO,아프리카,2025,22.5
Belgium,BEL,유럽,2025,22.0
Singapore,SGP,아시아,2025,22.0
Malawi,MWI,아프리카,2025,21.5
Gambia,GMB,아프리카,2025,20.7
Guinea,GIN,아프리카,2025,19.8
Mauritius,MUS,아프리카,2025,19.2
South Africa,ZAF,아프리카,2025,18.9
Nigeria,NGA,아프리카,2025,18.8
Cyprus,CYP,유럽,2025,18.6
Comoros,COM,아프리카,2025,17.9
Antigua and Barbuda,ATG,북미,2025,17.7
Australia,AUS,오세아니아,2025,17.4
Ukraine,UKR,유럽,2025,17.4
Madagascar,MDG,아프리카,2025,17.1
Argentina,ARG,남미,2025,17.0
San Marino,SMR,유럽,2025,16.7
Denmark,DNK,유럽,2025,16.1
Azerbaijan,AZE,아시아,2025,14.7
Barbados,BRB,북미,2025,14.7
Bangladesh,BGD,아시아,2025,14.4
Bermuda,BMU,북미,2025,14.4
Lebanon,LBN,아시아,2025,13.8
Haiti,HTI,북미,2025,13.5
United Kingdom,GBR,유럽,2025,13.5
Morocco,MAR,아프리카,2025,12.8
Cape Verde,CPV,아프리카,2025,12.7
Maldives,MDV,아시아,2025,12.4
Ireland,IRL,유럽,2025,12.1
Tonga,TON,오세아니아,2025,12.1
Cote d'Ivoire,CIV,아프리카,2025,11.9
Eritrea,ERI,아프리카,2025,11.9
Burkina Faso,BFA,아프리카,2025,11.8
Sudan,SDN,아프리카,2025,11.8
Uganda,UGA,아프리카,2025,11.8
Armenia,ARM,아시아,2025,11.7
Uruguay,URY,남미,2025,11.6
Moldova,MDA,유럽,2025,11.3
South Sudan,SSD,아프리카,2025,11.3
Turks and Caicos Islands,TCA,북미,2025,11.1
Netherlands,NLD,유럽,2025,11.0
Burundi,BDI,아프리카,2025,10.9
Namibia,NAM,아프리카,2025,9.8
Mongolia,MNG,아시아,2025,9.1
Sint Maarten (Dutch part),SXM,북미,2025,8.8
Uzbekistan,UZB,아시아,2025,8.8
Mali,MLI,아프리카,2025,8.6
Somalia,SOM,아프리카,2025,7.7
Kenya,KEN,아프리카,2025,6.9
Iran,IRN,아시아,2025,6.6
Kyrgyzstan,KGZ,아시아,2025,6.5
Isle of Man,IMN,유럽,2025,6.4
Bahrain,BHR,아시아,2025,5.5
Turkmenistan,TKM,아시아,2025,5.0
United Arab Emirates,ARE,아시아,2025,4.6
Tunisia,TUN,아프리카,2025,4.4
Pakistan,PAK,아시아,2025,4.1
Tajikistan,TJK,아시아,2025,3.1
Chad,TCD,아프리카,2025,2.9
Syria,SYR,아시아,2025,2.9
Aruba,ABW,북미,2025,2.7
Afghanistan,AFG,아시아,2025,1.9
Western Sahara,ESH,아프리카,2025,1.9
Iraq,IRQ,아시아,2025,1.6
Malta,MLT,유럽,2025,1.5
Kazakhstan,KAZ,아시아,2025,1.3
Kiribati,KIR,오세아니아,2025,1.3
Saudi Arabia,SAU,아시아,2025,1.3
Lesotho,LSO,아프리카,2025,1.1
Mauritania,MRT,아프리카,2025,1.0
Yemen,YEM,아시아,2025,1.0
Jordan,JOR,아시아,2025,0.8
Niger,NER,아프리카,2025,0.8
Algeria,DZA,아프리카,2025,0.7
Iceland,ISL,유럽,2025,0.6
Kuwait,KWT,아시아,2025,0.4
Djibouti,DJI,아프리카,2025,0.3
Curacao,CUW,북미,2025,0.2
Faroe Islands,FRO,유럽,2025,0.1
Libya,LBY,아프리카,2025,0.1
Qatar,QAT,아시아,2025,0.1
Egypt,EGY,아프리카,2025,0.0
Greenland,GRL,북미,2025,0.0
Monaco,MCO,유럽,2025,0.0
Nauru,NRU,오세아니아,2025,0.0
Oman,OMN,아시아,2025,0.0
