국가,코드,대륙,연도,문해율
North Korea,PRK,아시아,2008,100.0
Tokelau,TKL,오세아니아,2022,100.0
Tuvalu,TUV,오세아니아,2022,100.0
Uzbekistan,UZB,아시아,2022,100.0
Belarus,BLR,유럽,2019,99.9
Estonia,EST,유럽,2011,99.9
Latvia,LVA,유럽,2011,99.9
Russia,RUS,유럽,2021,99.9
San Marino,SMR,유럽,2022,99.9
Turkmenistan,TKM,아시아,2022,99.9
Armenia,ARM,아시아,2023,99.8
Azerbaijan,AZE,아시아,2023,99.8
Lithuania,LTU,유럽,2011,99.8
Palau,PLW,오세아니아,2020,99.8
Georgia,GEO,아시아,2024,99.7
Kazakhstan,KAZ,아시아,2009,99.7
Spain,ESP,유럽,2021,99.7
Tajikistan,TJK,아시아,2009,99.7
Slovenia,SVN,유럽,1991,99.5
Tonga,TON,오세아니아,2023,99.5
Guam,GUM,오세아니아,1990,99.4
Moldova,MDA,유럽,2014,99.4
Ukraine,UKR,유럽,2001,99.4
Wallis and Futuna,WLF,오세아니아,2023,99.4
Barbados,BRB,북미,1970,99.3
Italy,ITA,유럽,2019,99.3
Qatar,QAT,아시아,2024,99.3
Saint Pierre and Miquelon,SPM,북미,1982,99.3
Serbia,SRB,유럽,2022,99.3
Kyrgyzstan,KGZ,아시아,2009,99.2
Romania,ROU,유럽,2021,99.2
Argentina,ARG,남미,2020,99.1
Niue,NIU,오세아니아,2022,99.1
Antigua and Barbuda,ATG,북미,2001,99.0
Cayman Islands,CYM,북미,2017,98.9
Hungary,HUN,유럽,1980,98.9
Uruguay,URY,남미,2024,98.9
United Arab Emirates,ARE,아시아,2024,98.8
Cyprus,CYP,유럽,2011,98.7
Poland,POL,유럽,1978,98.7
Kiribati,KIR,오세아니아,2020,98.6
Mongolia,MNG,아시아,2024,98.6
Australia,AUS,오세아니아,1950,98.5
Austria,AUT,유럽,1950,98.5
Denmark,DNK,유럽,1950,98.5
Faroe Islands,FRO,유럽,1950,98.5
Finland,FIN,유럽,1950,98.5
Germany,DEU,유럽,1950,98.5
Greenland,GRL,북미,1950,98.5
Iceland,ISL,유럽,1950,98.5
Ireland,IRL,유럽,1950,98.5
Isle of Man,IMN,유럽,1950,98.5
Liechtenstein,LIE,유럽,1950,98.5
Montenegro,MNE,유럽,2018,98.5
Netherlands,NLD,유럽,1950,98.5
New Zealand,NZL,오세아니아,1950,98.5
Norway,NOR,유럽,1950,98.5
Philippines,PHL,아시아,2020,98.5
Sweden,SWE,유럽,1950,98.5
Switzerland,CHE,유럽,1950,98.5
United Kingdom,GBR,유럽,1950,98.5
Bulgaria,BGR,유럽,2011,98.3
Croatia,HRV,유럽,2001,98.2
Maldives,MDV,아시아,2019,98.2
Samoa,WSM,오세아니아,2019,98.0
South Korea,KOR,아시아,2008,98.0
Palestine,PSE,아시아,2024,97.9
Saudi Arabia,SAU,아시아,2024,97.9
Bahrain,BHR,아시아,2024,97.8
Grenada,GRD,북미,1970,97.8
Albania,ALB,유럽,2023,97.7
Cuba,CUB,북미,2019,97.7
Singapore,SGP,아시아,2021,97.7
Canada,CAN,북미,1950,97.5
Japan,JPN,아시아,1950,97.5
Costa Rica,CRI,북미,2011,97.4
American Samoa,ASM,오세아니아,1980,97.3
Oman,OMN,아시아,2022,97.3
Turkey,TUR,아시아,2021,97.3
Venezuela,VEN,남미,2017,97.2
Bosnia and Herzegovina,BIH,유럽,2013,97.0
Trinidad and Tobago,TTO,북미,1990,96.9
Aruba,ABW,북미,2010,96.8
Bolivia,BOL,남미,2024,96.7
China,CHN,아시아,2020,96.7
Nauru,NRU,오세아니아,2023,96.6
Belgium,BEL,유럽,1950,96.5
Bermuda,BMU,북미,1950,96.5
France,FRA,유럽,1950,96.5
Kuwait,KWT,아시아,2020,96.5
Luxembourg,LUX,유럽,1950,96.5
Macao,MAC,아시아,2016,96.5
Monaco,MCO,유럽,1950,96.5
Saint Helena,SHN,아프리카,1998,96.5
United States,USA,북미,1950,96.5
Chile,CHL,남미,2017,96.4
Panama,PAN,북미,2024,96.2
Brunei,BRN,아시아,2011,96.1
New Caledonia,NCL,오세아니아,1996,96.1
North Macedonia,MKD,유럽,2002,96.1
Vietnam,VNM,아시아,2022,96.1
Indonesia,IDN,아시아,2020,96.0
Malaysia,MYS,아시아,2022,95.8
Marshall Islands,MHL,오세아니아,2021,95.8
Saint Vincent and the Grenadines,VCT,북미,1970,95.6
Mexico,MEX,북미,2024,95.5
Anguilla,AIA,북미,1984,95.4
Colombia,COL,남미,2024,95.3
Paraguay,PRY,남미,2024,94.9
Brazil,BRA,남미,2024,94.7
Portugal,PRT,유럽,2011,94.5
Jordan,JOR,아시아,2024,94.4
Syria,SYR,아시아,2021,94.4
Mauritius,MUS,아프리카,2023,94.3
Dominican Republic,DOM,북미,2024,94.0
Seychelles,SYC,아프리카,2010,94.0
Greece,GRC,유럽,2009,93.9
Peru,PER,남미,2024,93.7
Ecuador,ECU,남미,2024,93.5
Myanmar,MMR,아시아,2020,93.5
Malta,MLT,유럽,2011,93.3
Zimbabwe,ZWE,아프리카,2019,93.2
Suriname,SUR,남미,2012,92.9
Martinique,MTQ,북미,1982,92.8
Sri Lanka,LKA,아시아,2024,92.7
Cook Islands,COK,오세아니아,1950,92.5
Falkland Islands,FLK,남미,1950,92.5
Puerto Rico,PRI,북미,2017,92.4
Lebanon,LBN,아시아,2019,92.0
Israel,ISR,아시아,1983,91.8
South Africa,ZAF,아프리카,2024,91.2
Thailand,THA,아시아,2022,91.1
Eswatini,SWZ,아프리카,2022,90.8
Lesotho,LSO,아프리카,2024,90.5
Guadeloupe,GLP,북미,1982,90.1
El Salvador,SLV,북미,2024,89.8
Gabon,GAB,아프리카,2021,88.9
Iran,IRN,아시아,2023,88.9
Cape Verde,CPV,아프리카,2024,88.5
Equatorial Guinea,GNQ,아프리카,2000,88.3
Honduras,HND,북미,2024,88.2
Vanuatu,VUT,오세아니아,2023,88.0
Belize,BLZ,북미,2022,87.9
Namibia,NAM,아프리카,2023,87.6
Norfolk Island,NFK,오세아니아,1950,87.5
United States Virgin Islands,VIR,북미,1950,87.5
Sao Tome and Principe,STP,아프리카,2019,87.4
Nicaragua,NIC,북미,2014,87.3
Papua New Guinea,PNG,오세아니아,2022,87.0
Tunisia,TUN,아프리카,2023,86.2
Guyana,GUY,남미,2020,85.6
Iraq,IRQ,아시아,2021,84.1
French Guiana,GUF,남미,1982,82.9
Andorra,AND,유럽,1950,82.5
Kenya,KEN,아프리카,2000,82.2
Guatemala,GTM,북미,2024,82.1
Botswana,BWA,아프리카,2003,81.2
Jamaica,JAM,북미,1999,79.9
Egypt,EGY,아프리카,2022,79.5
Bangladesh,BGD,아시아,2022,79.0
Rwanda,RWA,아프리카,2022,78.8
Reunion,REU,아프리카,1982,78.6
India,IND,아시아,2024,78.2
Tanzania,TZA,아프리카,2022,78.2
Bahamas,BHS,북미,1950,77.5
Uganda,UGA,아프리카,2024,77.0
Solomon Islands,SLB,오세아니아,1999,76.6
Ghana,GHA,아프리카,2021,76.5
Congo,COG,아프리카,2005,76.1
Comoros,COM,아프리카,2021,75.6
Laos,LAO,아시아,2023,75.6
Algeria,DZA,아프리카,2008,75.1
Madagascar,MDG,아프리카,2021,74.7
Togo,TGO,아프리카,2022,72.6
Cameroon,CMR,아프리카,2018,72.5
Netherlands Antilles,ANT,북미,1950,72.5
Cambodia,KHM,아시아,2021,71.9
Zambia,ZMB,아프리카,2024,71.8
Burundi,BDI,아프리카,2020,71.3
Nigeria,NGA,아프리카,2024,70.4
Malawi,MWI,아프리카,2020,70.2
East Timor,TLS,아시아,2022,69.4
Nepal,NPL,아시아,2019,68.7
Democratic Republic of Congo,COD,아프리카,2023,68.5
Angola,AGO,아프리카,2023,68.2
Haiti,HTI,북미,2017,68.0
Fiji,FJI,오세아니아,1950,67.5
Gibraltar,GIB,유럽,1950,67.5
Bhutan,BTN,아시아,2022,64.9
Eritrea,ERI,아프리카,2008,64.7
Morocco,MAR,아프리카,2014,64.3
Guinea-Bissau,GNB,아프리카,2022,63.9
Mozambique,MOZ,아프리카,2022,61.7
Ethiopia,ETH,아프리카,2022,60.5
Libya,LBY,아프리카,1984,60.2
Mauritania,MRT,아프리카,2020,59.5
Liberia,LBR,아프리카,2010,59.4
Pakistan,PAK,아시아,2021,58.9
Hong Kong,HKG,아시아,1950,57.5
Somalia,SOM,아프리카,2022,54.1
Sudan,SDN,아프리카,2008,53.5
Gambia,GMB,아프리카,2021,51.6
Benin,BEN,아프리카,2022,51.4
Senegal,SEN,아프리카,2023,50.4
Cote d'Ivoire,CIV,아프리카,2021,50.0
Sierra Leone,SLE,아프리카,2019,43.6
Central African Republic,CAF,아프리카,2019,42.4
Burkina Faso,BFA,아프리카,2023,41.6
Guinea,GIN,아프리카,2018,39.6
Afghanistan,AFG,아시아,2021,37.3
Yemen,YEM,아시아,1994,37.1
Mali,MLI,아프리카,2024,35.6
Niger,NER,아프리카,2022,35.6
French Polynesia,PYF,오세아니아,1950,32.5
Chad,TCD,아프리카,2019,30.6
South Sudan,SSD,아프리카,2008,26.8
Cocos Islands,CCK,아시아,1950,17.5
Djibouti,DJI,아프리카,1950,3.0
